{
  "psnr": 29.831668853759766,
  "ssim": 0.9780578255653382,
  "l1": 0.005001341155730188,
  "identity_similarity": 0.9999986827373505,
  "variant": "no_prior",
  "pytorch3d_prior_requested": true,
  "pytorch3d_available": false
}